<?xml version="1.0" encoding="utf-8"?>
<extension version="3.7" type="plugin" group="system" method="upgrade">
        <name>System - Syslog Authlog</name>       
        <author>Markus Neubauer</author>
        <creationDate>December 2014</creationDate>
        <copyright>Copyright (C) 2014 Markus Neubauer. All rights reserved.</copyright>
        <license>http://www.gnu.org/licenses/agpl-3.0.html GNU/AGPL</license>
        <authorEmail>neubauer@email-online.org</authorEmail>  
        <authorUrl>http://www.std-soft.com/index.php/hm-service/81-c-std-service-code/9-joomla-plugin-syslogauthlog</authorUrl>
        <version>1.7.1</version>   
        <description>
	        <div class="tpl-info"> <h2>Syslog Authlog Plugin</h2> <p>You have to activate the Plugin</p> <p>If you need Support <a href="https://www.std-soft.com/hm-service/code/9-joomla-system-plugin-syslog-authlog" class="nav-link">reads German</a> alternate use a translater</p> </div> <style> .tpl-info { overflow: hidden; padding: 20px 0; } .tpl-info p { float: left; width: 60%;} .tpl-info .btn { box-shadow: 0 2px 10px 0 rgba(0,0,0,.16); border: 0; border-radius: 3px; float: right; min-height: 52px; padding: 0 24px; line-height: 52px; transition: all .2s cubic-bezier(.4,0,.2,1); } .tpl-info .btn span { margin-right: 12px;} </style>
        </description>      
        <files>
                <filename plugin="syslogauthlog">syslogauthlog.php</filename>
                <filename>index.html</filename>
        </files>
	<languages>
		<language tag="en-GB">en-GB.plg_system_syslogauthlog.sys.ini</language>
		<language tag="de-DE">de-DE.plg_system_syslogauthlog.sys.ini</language>
		<language tag="it-IT">it-IT.plg_system_syslogauthlog.sys.ini</language>
	</languages>
        <config>
                <fields name="params">
                        <fieldset name="basic">
				<field name="mode" type="list" default="1"
					description="PLG_SYSTEM_SYSLOGAUTHLOG_MODE_DESC"
					label="PLG_SYSTEM_SYSLOGAUTHLOG_MODE_LABEL">
					<option value="0">PLG_SYSTEM_SYSLOGAUTHLOG_MODE_ALL</option>
					<option value="1">PLG_SYSTEM_SYSLOGAUTHLOG_MODE_ERROR</option>
                                </field>
				<field name="event" type="list" default="1"
					description="PLG_SYSTEM_SYSLOGAUTHLOG_EVENT_DESC"
					label="PLG_SYSTEM_SYSLOGAUTHLOG_EVENT_LABEL">
					<option
					value="0">PLG_SYSTEM_SYSLOGAUTHLOG_EVENT_ALL</option>
					<option
					value="1">PLG_SYSTEM_SYSLOGAUTHLOG_EVENT_LOGIN</option>
					<option
					value="2">PLG_SYSTEM_SYSLOGAUTHLOG_EVENT_LOGOUT</option>
                                </field>
				<field name="type" type="list" default="1"
					description="PLG_SYSTEM_SYSLOGAUTHLOG_TYPE_DESC"
					label="PLG_SYSTEM_SYSLOGAUTHLOG_TYPE_LABEL">
					<option
					value="0">PLG_SYSTEM_SYSLOGAUTHLOG_TYPE_ALL</option>
					<option
					value="1">PLG_SYSTEM_SYSLOGAUTHLOG_TYPE_ADMIN</option>
                                </field>
                        </fieldset>
                </fields>
        </config>
	<updateservers>
		<server type="extension" priority="1" name="System syslogauthlog Plugin Updates">
			http://www.std-soft.com/syslogauthlog.xml
		</server>
	</updateservers>
</extension>

